{"cameraMode":{"drawMode":0,"name":"Shaded","section":"Shading Mode"},"sceneLighting":false,"audioPlay":false,"sceneViewState":{"m_AlwaysRefresh":true,"showFog":true,"showSkybox":false,"showFlares":true,"showImageEffects":true,"showParticleSystems":true,"showVisualEffectGraphs":true,"m_FxEnabled":true},"in2DMode":false,"pivot":{"x":-0.0049608126282691959,"y":7.309215545654297,"z":-0.010306030511856079},"rotation":{"x":0.02557939477264881,"y":-0.9578407406806946,"z":0.09020400792360306,"w":0.27159422636032107},"size":0.12465222179889679,"orthographic":false}